-- phpMyAdmin SQL Dump
-- version 5.2.0
-- https://www.phpmyadmin.net/
--
-- Host: 127.0.0.1
-- Generation Time: May 08, 2023 at 05:18 PM
-- Server version: 10.4.27-MariaDB
-- PHP Version: 8.2.0

SET SQL_MODE = "NO_AUTO_VALUE_ON_ZERO";
START TRANSACTION;
SET time_zone = "+00:00";


/*!40101 SET @OLD_CHARACTER_SET_CLIENT=@@CHARACTER_SET_CLIENT */;
/*!40101 SET @OLD_CHARACTER_SET_RESULTS=@@CHARACTER_SET_RESULTS */;
/*!40101 SET @OLD_COLLATION_CONNECTION=@@COLLATION_CONNECTION */;
/*!40101 SET NAMES utf8mb4 */;

--
-- Database: `db_jobportal`
--

-- --------------------------------------------------------

--
-- Table structure for table `tblapplicants`
--

CREATE TABLE `tblapplicants` (
  `APPLICANTID` int(11) NOT NULL,
  `FNAME` varchar(90) NOT NULL,
  `LNAME` varchar(90) NOT NULL,
  `MNAME` varchar(90) NOT NULL,
  `ADDRESS` varchar(255) NOT NULL,
  `SEX` varchar(11) NOT NULL,
  `CIVILSTATUS` varchar(30) NOT NULL,
  `BIRTHDATE` date NOT NULL,
  `BIRTHPLACE` varchar(255) NOT NULL,
  `AGE` int(2) NOT NULL,
  `USERNAME` varchar(90) NOT NULL,
  `PASS` varchar(90) NOT NULL,
  `EMAILADDRESS` varchar(90) NOT NULL,
  `CONTACTNO` varchar(90) NOT NULL,
  `DEGREE` text NOT NULL,
  `APPLICANTPHOTO` varchar(255) NOT NULL,
  `NATIONALID` varchar(255) NOT NULL
) ENGINE=InnoDB DEFAULT CHARSET=latin1 COLLATE=latin1_swedish_ci;

--
-- Dumping data for table `tblapplicants`
--

INSERT INTO `tblapplicants` (`APPLICANTID`, `FNAME`, `LNAME`, `MNAME`, `ADDRESS`, `SEX`, `CIVILSTATUS`, `BIRTHDATE`, `BIRTHPLACE`, `AGE`, `USERNAME`, `PASS`, `EMAILADDRESS`, `CONTACTNO`, `DEGREE`, `APPLICANTPHOTO`, `NATIONALID`) VALUES
(2023031, 'jai ', 'kale ', 'suadhir', 'yavatmal', 'Male', 'Single', '1998-01-17', '2 year ', 25, 'jai23', '7110eda4d09e062aa5e4a390b0a572ac0d2c0220', 'jayesh@gmail', '9383737383', '7.0 ', '', ''),
(2023032, 'rohit ', 'lokhande', 'sanjay', 'ner ', 'Male', 'Single', '2000-01-30', '2 year ', 23, 'rohit23', '7110eda4d09e062aa5e4a390b0a572ac0d2c0220', 'rohit@gmail.com', '393737363', '6.0 CGPA', '', '');

-- --------------------------------------------------------

--
-- Table structure for table `tblattachmentfile`
--

CREATE TABLE `tblattachmentfile` (
  `FILEID` int(11) NOT NULL,
  `JOBID` int(11) NOT NULL,
  `FILE_NAME` varchar(90) NOT NULL,
  `FILE_LOCATION` varchar(255) NOT NULL,
  `USERATTACHMENTID` int(11) NOT NULL
) ENGINE=InnoDB DEFAULT CHARSET=latin1 COLLATE=latin1_swedish_ci;

--
-- Dumping data for table `tblattachmentfile`
--

INSERT INTO `tblattachmentfile` (`FILEID`, `JOBID`, `FILE_NAME`, `FILE_LOCATION`, `USERATTACHMENTID`) VALUES
(1, 2, 'Resume', 'photos/24122019073209Filtering a Group of Data VB.Net and SQL Server 2019.docx', 2019020),
(2, 2, 'Resume', 'photos/25042023071736db .png', 2023021),
(3, 2, 'Resume', 'photos/25042023071811jordan-whitt-qGQNmBE7mYw-unsplash.jpg', 2023021),
(4, 2, 'Resume', 'photos/25042023072147signrohit.jpg', 2023022),
(5, 2, 'Resume', 'photos/24122019072801Filtering a Group of Data VB.Net and SQL Server 2019.docx', 2019019),
(202300004, 2, 'Resume', 'photos/26042023034049signrohit.jpg', 2023023),
(202300005, 2, 'Resume', 'photos/26042023034215marksheet rohit (2).jpg', 2023024),
(202300006, 2, 'Resume', 'photos/26042023034437marksheet rohit.jpg', 2023024),
(202300007, 2, 'Resume', 'photos/26042023034834signrohit.jpg', 2023025),
(202300008, 2, 'Resume', 'photos/26042023034911marksheet rohit.jpg', 2023025),
(202300009, 2, 'Resume', 'photos/26042023035350signrohit.jpg', 2023025),
(2023000010, 2, 'Resume', 'photos/26042023091323signrohit.jpg', 2023026),
(2023000011, 6, 'Resume', 'photos/27042023032317Screenshot_2023-04-26-21-44-44-20_dcba5280618f2a58356a10f735e6d10d.jpg', 2023027),
(2023000012, 6, 'Resume', 'photos/27042023095523elegant_resume_template_thumbnail.png', 2023028),
(2023000013, 6, 'Resume', 'photos/27042023100446modern_resume_template_thumbnail.png', 2023029),
(2023000014, 6, 'Resume', 'photos/27042023100813elegant_resume_template_thumbnail.png', 2023030),
(2023000015, 7, 'Resume', 'photos/27042023102518elegant_resume_template_thumbnail.png', 2023031),
(2023000016, 7, 'Resume', 'photos/27042023102901modern_resume_template_thumbnail.png', 2023032);

-- --------------------------------------------------------

--
-- Table structure for table `tblautonumbers`
--

CREATE TABLE `tblautonumbers` (
  `AUTOID` int(11) NOT NULL,
  `AUTOSTART` varchar(30) NOT NULL,
  `AUTOEND` int(11) NOT NULL,
  `AUTOINC` int(11) NOT NULL,
  `AUTOKEY` varchar(30) NOT NULL
) ENGINE=InnoDB DEFAULT CHARSET=latin1 COLLATE=latin1_swedish_ci;

--
-- Dumping data for table `tblautonumbers`
--

INSERT INTO `tblautonumbers` (`AUTOID`, `AUTOSTART`, `AUTOEND`, `AUTOINC`, `AUTOKEY`) VALUES
(1, '02983', 9, 1, 'userid'),
(2, '000', 79, 1, 'employeeid'),
(3, '0', 33, 1, 'APPLICANT'),
(4, '0000', 17, 1, 'FILEID');

-- --------------------------------------------------------

--
-- Table structure for table `tblcategory`
--

CREATE TABLE `tblcategory` (
  `CATEGORYID` int(11) NOT NULL,
  `CATEGORY` varchar(90) NOT NULL
) ENGINE=InnoDB DEFAULT CHARSET=latin1 COLLATE=latin1_swedish_ci;

--
-- Dumping data for table `tblcategory`
--

INSERT INTO `tblcategory` (`CATEGORYID`, `CATEGORY`) VALUES
(10, 'Technology'),
(11, 'Managerial'),
(12, 'Engineer'),
(13, 'IT'),
(14, 'Civil Engineer'),
(15, 'HR'),
(23, 'Sales'),
(24, 'Banking'),
(25, 'Finance'),
(26, 'BPO'),
(27, 'Degital Marketing'),
(28, 'Shipping'),
(29, 'Accountant');

-- --------------------------------------------------------

--
-- Table structure for table `tblcompany`
--

CREATE TABLE `tblcompany` (
  `COMPANYID` int(11) NOT NULL,
  `COMPANYNAME` varchar(90) NOT NULL,
  `COMPANYADDRESS` varchar(90) NOT NULL,
  `COMPANYCONTACTNO` varchar(30) NOT NULL,
  `COMPANYSTATUS` varchar(90) NOT NULL,
  `COMPANYMISSION` text NOT NULL
) ENGINE=InnoDB DEFAULT CHARSET=latin1 COLLATE=latin1_swedish_ci;

--
-- Dumping data for table `tblcompany`
--

INSERT INTO `tblcompany` (`COMPANYID`, `COMPANYNAME`, `COMPANYADDRESS`, `COMPANYCONTACTNO`, `COMPANYSTATUS`, `COMPANYMISSION`) VALUES
(2, 'URC', 'Bry Camugao', '023654', '', 'weqwe'),
(3, 'Copreros', 'Mabinay\'s', '035656', '', ''),
(4, 'Quest', 'Kabankalan City', '23165', '', ''),
(7, 'IT Company', 'Kabankalan City', '04564123', '', ''),
(8, 'Apple', 'India', '94376353425', '', ''),
(9, 'Microsoft ', 'Banglore', '39372626223', '', ''),
(10, 'Micriosoft', 'India', '94376353425', '', '');

-- --------------------------------------------------------

--
-- Table structure for table `tblemployees`
--

CREATE TABLE `tblemployees` (
  `INCID` int(11) NOT NULL,
  `EMPLOYEEID` varchar(30) NOT NULL,
  `FNAME` varchar(50) NOT NULL,
  `LNAME` varchar(50) NOT NULL,
  `MNAME` varchar(50) NOT NULL,
  `ADDRESS` varchar(90) NOT NULL,
  `BIRTHDATE` date NOT NULL,
  `BIRTHPLACE` varchar(90) NOT NULL,
  `AGE` int(11) NOT NULL,
  `SEX` varchar(30) NOT NULL,
  `CIVILSTATUS` varchar(30) NOT NULL,
  `TELNO` varchar(40) NOT NULL,
  `EMP_EMAILADDRESS` varchar(90) NOT NULL,
  `CELLNO` varchar(30) NOT NULL,
  `POSITION` varchar(50) NOT NULL,
  `WORKSTATS` varchar(90) NOT NULL,
  `EMPPHOTO` varchar(255) NOT NULL,
  `EMPUSERNAME` varchar(90) NOT NULL,
  `EMPPASSWORD` varchar(125) NOT NULL,
  `DATEHIRED` date NOT NULL,
  `COMPANYID` int(11) NOT NULL
) ENGINE=InnoDB DEFAULT CHARSET=latin1 COLLATE=latin1_swedish_ci;

--
-- Dumping data for table `tblemployees`
--

INSERT INTO `tblemployees` (`INCID`, `EMPLOYEEID`, `FNAME`, `LNAME`, `MNAME`, `ADDRESS`, `BIRTHDATE`, `BIRTHPLACE`, `AGE`, `SEX`, `CIVILSTATUS`, `TELNO`, `EMP_EMAILADDRESS`, `CELLNO`, `POSITION`, `WORKSTATS`, `EMPPHOTO`, `EMPUSERNAME`, `EMPPASSWORD`, `DATEHIRED`, `COMPANYID`) VALUES
(76, '2018001', 'Chambe', 'Narciso', 'Captain', 'mabinay', '1992-01-23', 'Mabinay', 26, 'Male', 'Married', '032656', 'chambe@yahoo.com', '', 'Fuel Tender', '', '', '2018001', 'f3593fd40c55c33d1788309d4137e82f5eab0dea', '2018-05-23', 2);

-- --------------------------------------------------------

--
-- Table structure for table `tblfeedback`
--

CREATE TABLE `tblfeedback` (
  `FEEDBACKID` int(11) NOT NULL,
  `APPLICANTID` int(11) NOT NULL,
  `REGISTRATIONID` int(11) NOT NULL,
  `FEEDBACK` text NOT NULL
) ENGINE=InnoDB DEFAULT CHARSET=latin1 COLLATE=latin1_swedish_ci;

-- --------------------------------------------------------

--
-- Table structure for table `tbljob`
--

CREATE TABLE `tbljob` (
  `JOBID` int(11) NOT NULL,
  `COMPANYID` int(11) NOT NULL,
  `CATEGORY` varchar(90) NOT NULL,
  `OCCUPATIONTITLE` varchar(90) NOT NULL,
  `REQ_NO_EMPLOYEES` int(11) NOT NULL,
  `SALARIES` double NOT NULL,
  `DURATION_EMPLOYEMENT` varchar(90) NOT NULL,
  `QUALIFICATION_WORKEXPERIENCE` text NOT NULL,
  `JOBDESCRIPTION` text NOT NULL,
  `PREFEREDSEX` varchar(30) NOT NULL,
  `SECTOR_VACANCY` text NOT NULL,
  `JOBSTATUS` varchar(90) NOT NULL,
  `DATEPOSTED` datetime NOT NULL
) ENGINE=InnoDB DEFAULT CHARSET=latin1 COLLATE=latin1_swedish_ci;

--
-- Dumping data for table `tbljob`
--

INSERT INTO `tbljob` (`JOBID`, `COMPANYID`, `CATEGORY`, `OCCUPATIONTITLE`, `REQ_NO_EMPLOYEES`, `SALARIES`, `DURATION_EMPLOYEMENT`, `QUALIFICATION_WORKEXPERIENCE`, `JOBDESCRIPTION`, `PREFEREDSEX`, `SECTOR_VACANCY`, `JOBSTATUS`, `DATEPOSTED`) VALUES
(1, 2, 'Technology', 'ISD', 6, 15000, 'jan 30', 'Two year Experience', 'We are looking for bachelor of science in information technology.\r\nasdasdasd', 'Male/Female', 'yes', '', '2018-05-20 00:00:00'),
(2, 2, 'Technology', 'Accounting', 1, 15000, 'may 20', 'Two years Experience', 'We are looking for bachelor of science in Acountancy', 'Female', 'yes', '', '2018-05-20 02:33:00'),
(3, 7, 'IT', 'Software Developer ', 12, 20, '6 year ', '2 year ', 'This job is for the software developer .', 'Male/Female', 'IT', '', '2023-04-26 09:16:00'),
(4, 8, 'IT', 'DBA', 12, 300, 'lifetime', '2 year of experience required.', 'A Database Administrator must possess the ability to analyze data and make decisions quickly. They also must have strong analytical skills to monitor performance and identify problems with a system. They need to evaluate complex information from multiple sources, determining actions based on this analysis.', 'Male/Female', 'IT', '', '2023-04-26 09:32:00'),
(5, 9, 'IT', 'Lab assitant', 100, 1000, 'lifetime', '2 year', 'Lab assitant', 'Male/Female', 'IT', '', '2023-04-26 09:50:00'),
(6, 7, 'IT', 'Sales manager ', 100, 1000, '6 year ', '3 year experience required', 'IT company is hiring now', 'Male/Female', 'IT', '', '2023-04-26 09:52:00'),
(7, 8, 'IT', 'Software Engineer ', 100, 20, '6 year ', 'Graduation', 'i want inly software developer', 'Male/Female', 'IT', '', '2023-04-27 10:22:00');

-- --------------------------------------------------------

--
-- Table structure for table `tbljobregistration`
--

CREATE TABLE `tbljobregistration` (
  `REGISTRATIONID` int(11) NOT NULL,
  `COMPANYID` int(11) NOT NULL,
  `JOBID` int(11) NOT NULL,
  `APPLICANTID` int(11) NOT NULL,
  `APPLICANT` varchar(90) NOT NULL,
  `REGISTRATIONDATE` date NOT NULL,
  `REMARKS` varchar(255) NOT NULL DEFAULT 'Pending',
  `FILEID` int(11) NOT NULL,
  `PENDINGAPPLICATION` tinyint(1) NOT NULL DEFAULT 1,
  `HVIEW` tinyint(1) NOT NULL DEFAULT 1,
  `DATETIMEAPPROVED` datetime NOT NULL
) ENGINE=InnoDB DEFAULT CHARSET=latin1 COLLATE=latin1_swedish_ci;

--
-- Dumping data for table `tbljobregistration`
--

INSERT INTO `tbljobregistration` (`REGISTRATIONID`, `COMPANYID`, `JOBID`, `APPLICANTID`, `APPLICANT`, `REGISTRATIONDATE`, `REMARKS`, `FILEID`, `PENDINGAPPLICATION`, `HVIEW`, `DATETIMEAPPROVED`) VALUES
(19, 8, 7, 2023031, 'jai  kale ', '2023-04-27', 'Pending', 2023000015, 1, 1, '2023-04-27 10:25:00'),
(20, 8, 7, 2023032, 'rohit  lokhande', '2023-04-27', 'Pending', 2023000016, 1, 1, '2023-04-27 10:29:00');

-- --------------------------------------------------------

--
-- Table structure for table `tblusers`
--

CREATE TABLE `tblusers` (
  `USERID` varchar(30) NOT NULL,
  `FULLNAME` varchar(40) NOT NULL,
  `USERNAME` varchar(90) NOT NULL,
  `PASS` varchar(90) NOT NULL,
  `ROLE` varchar(30) NOT NULL,
  `PICLOCATION` varchar(255) NOT NULL
) ENGINE=InnoDB DEFAULT CHARSET=latin1 COLLATE=latin1_swedish_ci;

--
-- Dumping data for table `tblusers`
--

INSERT INTO `tblusers` (`USERID`, `FULLNAME`, `USERNAME`, `PASS`, `ROLE`, `PICLOCATION`) VALUES
('00018', 'jayesh', 'admin', 'd033e22ae348aeb5660fc2140aec35850c4da997', 'Administrator', 'photos/Stylish_cute_boy-2755.jpg'),
('029838', 'anuj', 'anuj', '7110eda4d09e062aa5e4a390b0a572ac0d2c0220', 'Administrator', '');

--
-- Indexes for dumped tables
--

--
-- Indexes for table `tblapplicants`
--
ALTER TABLE `tblapplicants`
  ADD PRIMARY KEY (`APPLICANTID`);

--
-- Indexes for table `tblattachmentfile`
--
ALTER TABLE `tblattachmentfile`
  ADD PRIMARY KEY (`FILEID`);

--
-- Indexes for table `tblautonumbers`
--
ALTER TABLE `tblautonumbers`
  ADD PRIMARY KEY (`AUTOID`);

--
-- Indexes for table `tblcategory`
--
ALTER TABLE `tblcategory`
  ADD PRIMARY KEY (`CATEGORYID`);

--
-- Indexes for table `tblcompany`
--
ALTER TABLE `tblcompany`
  ADD PRIMARY KEY (`COMPANYID`);

--
-- Indexes for table `tblemployees`
--
ALTER TABLE `tblemployees`
  ADD PRIMARY KEY (`INCID`),
  ADD UNIQUE KEY `EMPLOYEEID` (`EMPLOYEEID`);

--
-- Indexes for table `tblfeedback`
--
ALTER TABLE `tblfeedback`
  ADD PRIMARY KEY (`FEEDBACKID`);

--
-- Indexes for table `tbljob`
--
ALTER TABLE `tbljob`
  ADD PRIMARY KEY (`JOBID`);

--
-- Indexes for table `tbljobregistration`
--
ALTER TABLE `tbljobregistration`
  ADD PRIMARY KEY (`REGISTRATIONID`);

--
-- Indexes for table `tblusers`
--
ALTER TABLE `tblusers`
  ADD PRIMARY KEY (`USERID`);

--
-- AUTO_INCREMENT for dumped tables
--

--
-- AUTO_INCREMENT for table `tblapplicants`
--
ALTER TABLE `tblapplicants`
  MODIFY `APPLICANTID` int(11) NOT NULL AUTO_INCREMENT, AUTO_INCREMENT=2023033;

--
-- AUTO_INCREMENT for table `tblattachmentfile`
--
ALTER TABLE `tblattachmentfile`
  MODIFY `FILEID` int(11) NOT NULL AUTO_INCREMENT, AUTO_INCREMENT=2023000017;

--
-- AUTO_INCREMENT for table `tblautonumbers`
--
ALTER TABLE `tblautonumbers`
  MODIFY `AUTOID` int(11) NOT NULL AUTO_INCREMENT, AUTO_INCREMENT=5;

--
-- AUTO_INCREMENT for table `tblcategory`
--
ALTER TABLE `tblcategory`
  MODIFY `CATEGORYID` int(11) NOT NULL AUTO_INCREMENT, AUTO_INCREMENT=31;

--
-- AUTO_INCREMENT for table `tblcompany`
--
ALTER TABLE `tblcompany`
  MODIFY `COMPANYID` int(11) NOT NULL AUTO_INCREMENT, AUTO_INCREMENT=11;

--
-- AUTO_INCREMENT for table `tblemployees`
--
ALTER TABLE `tblemployees`
  MODIFY `INCID` int(11) NOT NULL AUTO_INCREMENT, AUTO_INCREMENT=77;

--
-- AUTO_INCREMENT for table `tblfeedback`
--
ALTER TABLE `tblfeedback`
  MODIFY `FEEDBACKID` int(11) NOT NULL AUTO_INCREMENT;

--
-- AUTO_INCREMENT for table `tbljob`
--
ALTER TABLE `tbljob`
  MODIFY `JOBID` int(11) NOT NULL AUTO_INCREMENT, AUTO_INCREMENT=8;

--
-- AUTO_INCREMENT for table `tbljobregistration`
--
ALTER TABLE `tbljobregistration`
  MODIFY `REGISTRATIONID` int(11) NOT NULL AUTO_INCREMENT, AUTO_INCREMENT=21;
COMMIT;

/*!40101 SET CHARACTER_SET_CLIENT=@OLD_CHARACTER_SET_CLIENT */;
/*!40101 SET CHARACTER_SET_RESULTS=@OLD_CHARACTER_SET_RESULTS */;
/*!40101 SET COLLATION_CONNECTION=@OLD_COLLATION_CONNECTION */;
